{
  "books": [
    {
      "isbn": "978-0141185071",
      "title": "java",
      "category": "Science Fiction",
      "downloadLink": "https://javarush.com/en/groups/posts/en..top-10-java-books-for-beginners",
      "bookCover": "BookCovers/abood.jpg"
    },
    {
      "isbn": "978-0545010221",
      "title": "Harry Potter and the Sorcerer's Stone",
      "category": "Fantasy",
      "downloadLink": "https://www.barnesandnoble.com/w/harry-potter-and-the-sorcerers-stone-j-k-rowling/1100036321",
      "bookCover": "BookCovers/harry.jpg"
    },
    {
      "isbn": "978-1451673319",
      "title": "The Great Gatsby",
      "category": "Mystery",
      "downloadLink": "https://www.amazon.com/Great-Gatsby-F-Scott-Fitzgerald/dp/0743273567",
      "bookCover": "BookCovers/The_Great_Gatsby_Cover_1925_Retouched.jpg"
    },
    {
      "isbn": "978-0743273565",
      "title": "The Lord of the Rings",
      "category": "Fantasy",
      "downloadLink": "https://www.barnesandnoble.com/w/the-lord-of-the-rings-j-r-r-tolkien/1100178380?ean=9780544003415",
      "bookCover": "BookCovers/The Lord of the Rings.jpg"
    },
    {
      "isbn": "978-0062315007",
      "title": "The Alchemist",
      "category": "Adventure",
      "downloadLink": "https://www.amazon.com/Alchemist-Paulo-Coelho/dp/0062315005",
      "bookCover": "BookCovers/The Alchemist.jpg"
    },
    {
      "isbn": "978-0385732550",
      "title": "The Hunger Games",
      "category": "Dystopian",
      "downloadLink": "https://www.barnesandnoble.com/w/the-hunger-games-suzanne-collins/1100171584?ean=9780439023528",
      "bookCover": "BookCovers/The Hunger Games.jpg"
    },
    {
      "isbn": "978-0316015840",
      "title": "Twilight",
      "category": "Fantasy",
      "downloadLink": "https://www.amazon.com/Twilight-Saga-Book-1/dp/0316015849",
      "bookCover": "BookCovers/Twilight.jpg"
    },
    {
      "isbn": "978-1455586691",
      "title": "Gone Girl",
      "category": "Mystery",
      "downloadLink": "https://www.barnesandnoble.com/w/gone-girl-gillian-flynn/1105608070?ean=9780307588368",
      "bookCover": "BookCovers/Gone Girl.jpg"
    },
    {
      "isbn": "978-1594633669",
      "title": "Big Little Lies",
      "category": "Mystery",
      "downloadLink": "https://www.barnesandnoble.com/w/big-little-lies-liane-moriarty/1118330684?ean=9780425274866",
      "bookCover": "BookCovers/Big little lies.jpg"
    },
    {
      "isbn": "978-0062316097",
      "title": "The Chronicles of Narnia: The Lion, the Witch and the Wardrobe",
      "category": "Fantasy",
      "downloadLink": "https://www.amazon.com/Lion-Witch-Wardrobe-Chronicles-Narnia/dp/0064404994",
      "bookCover": "BookCovers/The Chronicles of Narnia The Lion, the Witch and the Wardrobe.jpg"
    },
    {
      "isbn": "978-1400031369",
      "title": "The Kite Runner",
      "category": "Historical Fiction",
      "downloadLink": "https://www.barnesandnoble.com/w/the-kite-runner-khaled-hosseini/1100356746?ean=9781594480003",
      "bookCover": "BookCovers/The Kite Runner.jpg"
    },
    {
      "isbn": "978-0385472570",
      "title": "Jurassic Park",
      "category": "Science Fiction",
      "downloadLink": "https://www.amazon.com/Jurassic-Park-Novel-Michael-Crichton/dp/0345538986",
      "bookCover": "BookCovers/Jurassic Park.jpg"
    },
    {
      "isbn": "978-0062459376",
      "title": "The Girl on the Train",
      "category": "Mystery",
      "downloadLink": "https://www.barnesandnoble.com/s/the+girl+on+the+train",
      "bookCover": "BookCovers/The Girl on the Train by Paula Hawkins.jpg"
    },
    {
      "isbn": "978-0307277671",
      "title": "The Road",
      "category": "Post-apocalyptic",
      "downloadLink": "https://www.amazon.com/Road-Cormac-McCarthy/dp/0307387895",
      "bookCover": "BookCovers/The Road.jpg"
    },
    {
      "isbn": "978-0553386790",
      "title": "The Help",
      "category": "Historical Fiction",
      "downloadLink": "https://www.barnesandnoble.com/w/the-help-kathryn-stockett/1100328873?ean=9780425232200",
      "bookCover": "BookCovers/The Help.jpg"
    },
    {
      "isbn": "978-0143039434",
      "title": "Life of Pi",
      "category": "Fantasy",
      "downloadLink": "https://www.amazon.com/Life-Pi-Yann-Martel/dp/0156027321",
      "bookCover": "BookCovers/Life of Pi.jpg"
    },
    {
      "isbn": "978-0671027346",
      "title": "Angels & Demons",
      "category": "Mystery",
      "downloadLink": "https://www.barnesandnoble.com/w/angels-and-demons-dan-brown/1100291181?ean=9780743486224",
      "bookCover": "BookCovers/Angels & Demons.jpg"
    },
    {
      "isbn": "978-0812993547",
      "title": "The Night Circus",
      "category": "Fantasy",
      "downloadLink": "https://www.amazon.com/Night-Circus-Erin-Morgenstern/dp/0307744434",
      "bookCover": "BookCovers/The Night Circus.jpg"
    },
    {
      "isbn": "978-1501173219",
      "title": "Educated",
      "category": "Biography",
      "downloadLink": "https://www.barnesandnoble.com/w/educated-tara-westover/1127171132?ean=9780399590504",
      "bookCover": "BookCovers/Educated.jpg"
    }

  
    
    
    
    
    
    
    
  ]
}